-- phpMyAdmin SQL Dump
-- version 5.2.3
-- https://www.phpmyadmin.net/
--
-- Host: localhost:3306
-- Generation Time: Apr 25, 2026 at 01:47 AM
-- Server version: 8.0.43
-- PHP Version: 7.4.33

SET SQL_MODE = "NO_AUTO_VALUE_ON_ZERO";
START TRANSACTION;
SET time_zone = "+00:00";


/*!40101 SET @OLD_CHARACTER_SET_CLIENT=@@CHARACTER_SET_CLIENT */;
/*!40101 SET @OLD_CHARACTER_SET_RESULTS=@@CHARACTER_SET_RESULTS */;
/*!40101 SET @OLD_COLLATION_CONNECTION=@@COLLATION_CONNECTION */;
/*!40101 SET NAMES utf8mb4 */;

--
-- Database: `invs-studio-custom`
--

--
-- Dumping data for table `orders`
--

INSERT INTO `orders` (`id`, `customer_id`, `category_id`, `order_code`, `qty`, `design_file`, `notes`, `status`, `est_duration`, `deadline`, `created_at`, `updated_at`) VALUES
(152, 1, 1, 'ORD-SIM-001', 20, NULL, NULL, 'done', 200, '2026-05-10', '2026-04-17 01:00:00', '2026-04-20 06:19:16'),
(153, 2, 3, 'ORD-SIM-002', 10, NULL, NULL, 'scheduled', 150, '2026-05-12', '2026-04-17 01:05:00', '2026-04-17 02:40:12'),
(155, 4, 2, 'ORD-SIM-004', 15, NULL, NULL, 'scheduled', 180, '2026-05-15', '2026-04-17 01:15:00', '2026-04-17 02:40:12'),
(156, 5, 5, 'ORD-SIM-005', 5, NULL, NULL, 'scheduled', 100, '2026-05-20', '2026-04-17 01:20:00', '2026-04-17 02:40:12'),
(157, 6, 1, 'ORD-SIM-006', 100, NULL, NULL, 'scheduled', 1000, '2026-06-01', '2026-04-17 01:25:00', '2026-04-17 02:40:12'),
(158, 7, 3, 'ORD-SIM-007', 30, NULL, NULL, 'scheduled', 450, '2026-05-25', '2026-04-17 01:30:00', '2026-04-17 02:40:12'),
(159, 21, 4, 'ORD-SIM-008', 25, NULL, NULL, 'scheduled', 200, '2026-05-18', '2026-04-17 01:35:00', '2026-04-17 02:40:12'),
(160, 22, 2, 'ORD-SIM-009', 12, NULL, NULL, 'scheduled', 144, '2026-05-22', '2026-04-17 01:40:00', '2026-04-17 02:40:12'),
(161, 1, 5, 'ORD-SIM-010', 40, NULL, NULL, 'scheduled', 800, '2026-06-15', '2026-04-17 01:45:00', '2026-04-17 02:40:12'),
(162, 2, 1, 'ORD-SIM-011', 8, NULL, NULL, 'scheduled', 80, '2026-05-05', '2026-04-17 01:50:00', '2026-04-17 02:40:12'),
(163, 3, 3, 'ORD-SIM-012', 4, NULL, NULL, 'scheduled', 60, '2026-05-06', '2026-04-17 01:55:00', '2026-04-17 02:40:12'),
(164, 4, 1, 'ORD-SIM-013', 200, NULL, NULL, 'scheduled', 2000, '2026-06-30', '2026-04-17 02:00:00', '2026-04-17 02:40:12'),
(165, 5, 4, 'ORD-SIM-014', 10, NULL, NULL, 'scheduled', 80, '2026-05-11', '2026-04-17 02:05:00', '2026-04-17 02:40:12'),
(166, 6, 2, 'ORD-SIM-015', 6, NULL, NULL, 'scheduled', 72, '2026-05-09', '2026-04-17 02:10:00', '2026-04-17 02:40:12'),
(167, 7, 3, 'ORD-SIM-016', 15, NULL, NULL, 'scheduled', 225, '2026-05-28', '2026-04-17 02:15:00', '2026-04-17 02:40:12'),
(168, 21, 1, 'ORD-SIM-017', 25, NULL, NULL, 'scheduled', 250, '2026-05-20', '2026-04-17 02:20:00', '2026-04-17 02:40:12'),
(169, 22, 5, 'ORD-SIM-018', 2, NULL, NULL, 'done', 40, '2026-05-07', '2026-04-17 02:25:00', '2026-04-17 03:20:42'),
(170, 1, 4, 'ORD-SIM-019', 100, NULL, NULL, 'scheduled', 800, '2026-06-10', '2026-04-17 02:30:00', '2026-04-17 02:40:12'),
(171, 2, 1, 'ORD-SIM-020', 12, NULL, NULL, 'scheduled', 120, '2026-05-14', '2026-04-17 02:35:00', '2026-04-17 02:40:12'),
(172, 23, 1, 'ORD-20260417-C8C13', 200, NULL, '', 'done', 2030, '2026-04-25', '2026-04-17 03:04:59', '2026-04-20 03:59:00'),
(173, 2, 4, 'ORD-20260417-2720F', 50, NULL, '', 'done', 430, '2026-04-25', '2026-04-17 03:05:16', '2026-04-20 01:24:11'),
(174, 1, 5, 'ORD-20260417-5C62A', 100, NULL, '', 'done', 2030, '2026-04-30', '2026-04-17 03:05:47', '2026-04-25 01:12:58'),
(175, 4, 3, 'ORD-20260417-CAD29', 20, NULL, '', 'done', 330, '2026-04-18', '2026-04-17 03:06:05', '2026-04-20 01:24:11'),
(176, 6, 2, 'ORD-20260417-C0199', 1, NULL, '', 'done', 42, '2026-04-17', '2026-04-17 03:22:56', '2026-04-17 03:46:10'),
(177, 4, 4, 'ORD-20260417-56F4B', 30, NULL, '', 'canceled', 270, '2026-04-18', '2026-04-17 03:46:50', '2026-04-17 03:48:10'),
(178, 4, 4, 'ORD-20260417-AF275', 25, NULL, '', 'done', 230, '2026-04-18', '2026-04-17 03:48:41', '2026-04-17 07:09:04'),
(179, 24, 1, 'ORD-20260417-514DA', 20, NULL, '', 'scheduled', 230, '2026-05-02', '2026-04-17 06:20:24', '2026-04-17 06:20:28'),
(180, 7, 1, 'ORD-20260417-979B6', 2, NULL, '', 'done', 50, '2026-04-18', '2026-04-17 08:16:10', '2026-04-20 01:24:11'),
(181, 5, 4, 'ORD-20260417-67E8B', 11, NULL, '', 'scheduled', 118, '2026-05-04', '2026-04-17 08:17:17', '2026-04-17 08:17:20'),
(182, 7, 2, 'ORD-20260420-48514', 3, NULL, '', 'done', 66, '2026-04-21', '2026-04-20 01:24:46', '2026-04-20 03:14:11'),
(183, 3, 2, 'ORD-20260420-AF41D', 5, NULL, '', 'done', 90, '2026-04-22', '2026-04-20 01:24:59', '2026-04-20 03:58:13'),
(184, 2, 1, 'ORD-20260420-DFE7E', 10, NULL, '', 'done', 130, '2026-04-24', '2026-04-20 01:25:21', '2026-04-22 03:03:44'),
(185, 22, 5, 'ORD-20260420-E2CAF', 1, NULL, '', 'canceled', 50, '2026-04-23', '2026-04-20 01:25:40', '2026-04-20 02:09:54'),
(186, 7, 3, 'ORD-20260422-606B8', 10, NULL, '', 'done', 180, '2026-04-25', '2026-04-22 03:04:01', '2026-04-25 01:12:58'),
(187, 7, 1, 'ORD-20260422-7E235', 1, NULL, '', 'done', 40, '2026-04-23', '2026-04-22 03:04:13', '2026-04-22 03:24:22'),
(188, 3, 2, 'ORD-20260422-F25AA', 1, NULL, '', 'done', 42, '2026-04-22', '2026-04-22 03:04:26', '2026-04-22 05:05:26'),
(189, 22, 4, 'ORD-20260422-28E39', 5, NULL, '', 'done', 70, '2026-04-23', '2026-04-22 03:04:42', '2026-04-22 05:05:26'),
(190, 23, 1, 'ORD-20260422-63D51', 10, NULL, '', 'done', 130, '2026-04-24', '2026-04-22 03:05:36', '2026-04-22 06:10:14'),
(191, 24, 3, 'ORD-20260424-AD22A', 20, NULL, '', 'in_progress', 330, '2026-04-28', '2026-04-24 02:21:26', '2026-04-25 01:12:58'),
(192, 1, 1, 'ORD-DUM-MAY-001', 15, NULL, 'Dummy order: Kaos 15pcs', 'scheduled', 180, '2026-05-11', '2026-04-25 01:45:00', '2026-04-25 01:43:53'),
(193, 2, 3, 'ORD-DUM-MAY-002', 10, NULL, 'Dummy order: Hoodie 10pcs', 'scheduled', 180, '2026-05-11', '2026-04-25 01:46:00', '2026-04-25 01:43:53'),
(194, 3, 4, 'ORD-DUM-MAY-003', 25, NULL, 'Dummy order: Topi 25pcs', 'scheduled', 230, '2026-05-11', '2026-04-25 01:47:00', '2026-04-25 01:43:53'),
(195, 4, 2, 'ORD-DUM-MAY-004', 12, NULL, 'Dummy order: Crop Top 12pcs', 'scheduled', 174, '2026-05-11', '2026-04-25 01:48:00', '2026-04-25 01:43:53'),
(196, 5, 5, 'ORD-DUM-MAY-005', 7, NULL, 'Dummy order: Custom 8pcs', 'scheduled', 170, '2026-05-11', '2026-04-25 01:49:00', '2026-04-25 01:45:37'),
(197, 21, 1, 'ORD-DUM-MAY-006', 20, NULL, 'Dummy order: Kaos 20pcs', 'scheduled', 230, '2026-05-12', '2026-04-25 01:50:00', '2026-04-25 01:43:53'),
(198, 22, 3, 'ORD-DUM-MAY-007', 15, NULL, 'Dummy order: Hoodie 15pcs', 'scheduled', 255, '2026-05-12', '2026-04-25 01:51:00', '2026-04-25 01:43:53'),
(199, 23, 4, 'ORD-DUM-MAY-008', 30, NULL, 'Dummy order: Topi 30pcs', 'scheduled', 270, '2026-05-12', '2026-04-25 01:52:00', '2026-04-25 01:43:53'),
(200, 24, 2, 'ORD-DUM-MAY-009', 18, NULL, 'Dummy order: Crop Top 18pcs', 'scheduled', 246, '2026-05-12', '2026-04-25 01:53:00', '2026-04-25 01:43:53'),
(201, 1, 5, 'ORD-DUM-MAY-010', 5, NULL, 'Dummy order: Custom 5pcs', 'scheduled', 130, '2026-05-12', '2026-04-25 01:54:00', '2026-04-25 01:43:53');

--
-- Dumping data for table `order_items`
--

INSERT INTO `order_items` (`id`, `order_id`, `size`, `qty`) VALUES
(287, 152, 'S', 10),
(288, 152, 'M', 10),
(289, 153, 'L', 10),
(291, 155, 'S', 7),
(292, 155, 'M', 8),
(293, 156, 'XL', 5),
(294, 157, 'L', 50),
(295, 157, 'XL', 50),
(296, 158, 'M', 15),
(297, 158, 'L', 15),
(298, 159, 'All Size', 25),
(299, 160, 'S', 6),
(300, 160, 'M', 6),
(301, 161, 'L', 20),
(302, 161, 'XL', 20),
(303, 162, 'M', 8),
(304, 163, 'XL', 4),
(305, 164, 'S', 50),
(306, 164, 'M', 100),
(307, 164, 'L', 50),
(308, 165, 'All Size', 10),
(309, 166, 'M', 6),
(310, 167, 'L', 15),
(311, 168, 'S', 25),
(312, 169, 'XXL', 2),
(313, 170, 'All Size', 100),
(314, 171, 'L', 12),
(315, 172, 'S', 200),
(316, 173, 'S', 50),
(317, 174, 'S', 100),
(318, 175, 'S', 20),
(319, 176, 'S', 1),
(321, 177, 'S', 30),
(322, 178, 'S', 25),
(323, 179, 'S', 10),
(324, 179, 'M', 10),
(325, 180, 'S', 2),
(326, 181, 'S', 11),
(327, 182, 'S', 3),
(328, 183, 'S', 5),
(329, 184, 'S', 10),
(330, 185, 'S', 1),
(331, 186, 'S', 10),
(332, 187, 'L', 1),
(333, 188, 'L', 1),
(334, 189, 'S', 5),
(335, 190, 'XL', 10),
(336, 191, 'XL', 4),
(337, 191, 'S', 3),
(338, 191, 'M', 13),
(339, 192, 'M', 15),
(341, 194, 'All Size', 25),
(342, 195, 'S', 12),
(344, 197, 'L', 20),
(345, 198, 'XL', 15),
(346, 199, 'All Size', 30),
(347, 200, 'M', 18),
(348, 201, 'XXL', 5),
(349, 196, 'XL', 7),
(350, 193, 'L', 10);

--
-- Dumping data for table `production_schedule`
--

INSERT INTO `production_schedule` (`id`, `order_id`, `schedule_tier`, `queue_position`, `start_date`, `end_date`, `status`, `created_at`, `updated_at`) VALUES
(1807, 169, 'normal', 0, '2026-04-17 09:40:12', '2026-04-17 10:20:12', 'completed', '2026-04-17 02:40:12', '2026-04-17 03:20:42'),
(1865, 175, 'urgent', 0, '2026-04-17 10:20:12', '2026-04-17 15:50:12', 'completed', '2026-04-17 03:06:13', '2026-04-20 01:24:11'),
(1932, 176, 'quick_insert', 0, '2026-04-17 10:22:59', '2026-04-17 11:04:59', 'completed', '2026-04-17 03:22:59', '2026-04-17 03:46:10'),
(2220, 178, 'quick_insert', 0, '2026-04-17 10:48:45', '2026-04-17 14:38:45', 'completed', '2026-04-17 03:48:45', '2026-04-17 07:09:04'),
(2310, 173, 'urgent', 0, '2026-04-17 15:50:12', '2026-04-18 15:00:00', 'completed', '2026-04-17 07:28:48', '2026-04-20 01:24:11'),
(2377, 180, 'quick_insert', 0, '2026-04-17 15:16:14', '2026-04-17 16:06:14', 'completed', '2026-04-17 08:16:14', '2026-04-20 01:24:11'),
(2400, 172, 'urgent', 0, '2026-04-18 15:00:00', '2026-04-20 10:59:00', 'completed', '2026-04-17 08:17:20', '2026-04-20 03:59:00'),
(2449, 182, 'quick_insert', 0, '2026-04-20 09:00:00', '2026-04-20 10:06:00', 'completed', '2026-04-20 01:40:47', '2026-04-20 03:14:11'),
(2475, 183, 'quick_insert', 0, '2026-04-20 09:00:00', '2026-04-20 10:30:00', 'completed', '2026-04-20 01:41:00', '2026-04-20 03:58:13'),
(2759, 152, 'urgent', 0, '2026-04-20 09:09:35', '2026-04-20 12:29:35', 'completed', '2026-04-20 02:09:10', '2026-04-20 06:19:16'),
(2858, 184, 'urgent', 0, '2026-04-20 12:29:35', '2026-04-20 14:39:35', 'completed', '2026-04-20 03:59:05', '2026-04-22 03:03:44'),
(2859, 174, 'urgent', 0, '2026-04-20 14:39:35', '2026-04-24 16:29:00', 'completed', '2026-04-20 03:59:05', '2026-04-25 01:12:58'),
(2879, 187, 'quick_insert', 0, '2026-04-22 10:05:01', '2026-04-22 10:24:22', 'completed', '2026-04-22 03:05:01', '2026-04-22 03:24:22'),
(2902, 188, 'quick_insert', 0, '2026-04-22 10:05:39', '2026-04-22 10:47:39', 'completed', '2026-04-22 03:05:39', '2026-04-22 05:05:26'),
(2925, 189, 'quick_insert', 0, '2026-04-22 10:24:06', '2026-04-22 11:34:06', 'completed', '2026-04-22 03:24:06', '2026-04-22 05:05:26'),
(2947, 190, 'quick_insert', 0, '2026-04-22 10:24:22', '2026-04-22 12:34:22', 'completed', '2026-04-22 03:24:22', '2026-04-22 06:10:14'),
(2968, 186, 'urgent', 0, '2026-04-24 09:00:00', '2026-04-24 12:00:00', 'completed', '2026-04-22 03:24:27', '2026-04-25 01:12:58'),
(3026, 191, 'urgent', 1, '2026-04-24 16:29:00', '2026-04-25 13:59:00', 'in_progress', '2026-04-24 02:21:32', '2026-04-25 01:43:53'),
(3104, 179, 'urgent', 2, '2026-04-25 13:59:00', '2026-04-27 09:49:00', 'scheduled', '2026-04-25 01:46:34', '2026-04-25 01:46:34'),
(3105, 181, 'urgent', 3, '2026-04-27 09:49:00', '2026-04-27 11:47:00', 'scheduled', '2026-04-25 01:46:34', '2026-04-25 01:46:34'),
(3106, 162, 'urgent', 4, '2026-04-27 11:47:00', '2026-04-27 13:07:00', 'scheduled', '2026-04-25 01:46:34', '2026-04-25 01:46:34'),
(3107, 163, 'urgent', 5, '2026-04-27 13:07:00', '2026-04-27 14:07:00', 'scheduled', '2026-04-25 01:46:34', '2026-04-25 01:46:34'),
(3108, 166, 'urgent', 6, '2026-04-27 14:07:00', '2026-04-27 15:19:00', 'scheduled', '2026-04-25 01:46:34', '2026-04-25 01:46:34'),
(3109, 192, 'urgent', 7, '2026-04-27 15:19:00', '2026-04-28 10:19:00', 'scheduled', '2026-04-25 01:46:34', '2026-04-25 01:46:34'),
(3110, 196, 'urgent', 8, '2026-04-28 10:19:00', '2026-04-28 13:09:00', 'scheduled', '2026-04-25 01:46:34', '2026-04-25 01:46:34'),
(3111, 165, 'urgent', 9, '2026-04-28 13:09:00', '2026-04-28 14:29:00', 'scheduled', '2026-04-25 01:46:34', '2026-04-25 01:46:34'),
(3112, 193, 'urgent', 10, '2026-04-28 14:29:00', '2026-04-29 09:29:00', 'scheduled', '2026-04-25 01:46:34', '2026-04-25 01:46:34'),
(3113, 194, 'urgent', 11, '2026-04-29 09:29:00', '2026-04-29 13:19:00', 'scheduled', '2026-04-25 01:46:34', '2026-04-25 01:46:34'),
(3114, 195, 'urgent', 12, '2026-04-29 13:19:00', '2026-04-29 16:13:00', 'scheduled', '2026-04-25 01:46:34', '2026-04-25 01:46:34'),
(3115, 200, 'urgent', 13, '2026-04-29 16:13:00', '2026-04-30 12:19:00', 'scheduled', '2026-04-25 01:46:34', '2026-04-25 01:46:34'),
(3116, 199, 'urgent', 14, '2026-04-30 12:19:00', '2026-04-30 16:49:00', 'scheduled', '2026-04-25 01:46:34', '2026-04-25 01:46:34'),
(3117, 198, 'urgent', 15, '2026-04-30 16:49:00', '2026-05-01 13:04:00', 'scheduled', '2026-04-25 01:46:34', '2026-04-25 01:46:34'),
(3118, 153, 'urgent', 16, '2026-05-01 13:04:00', '2026-05-01 15:34:00', 'scheduled', '2026-04-25 01:46:34', '2026-04-25 01:46:34'),
(3119, 197, 'urgent', 17, '2026-05-01 15:34:00', '2026-05-02 11:24:00', 'scheduled', '2026-04-25 01:46:34', '2026-04-25 01:46:34'),
(3120, 201, 'urgent', 18, '2026-05-02 11:24:00', '2026-05-02 13:34:00', 'scheduled', '2026-04-25 01:46:34', '2026-04-25 01:46:34'),
(3121, 171, 'urgent', 19, '2026-05-02 13:34:00', '2026-05-02 15:34:00', 'scheduled', '2026-04-25 01:46:34', '2026-04-25 01:46:34'),
(3122, 155, 'urgent', 20, '2026-05-02 15:34:00', '2026-05-04 10:34:00', 'scheduled', '2026-04-25 01:46:34', '2026-04-25 01:46:34'),
(3123, 159, 'urgent', 21, '2026-05-04 10:34:00', '2026-05-04 13:54:00', 'scheduled', '2026-04-25 01:46:34', '2026-04-25 01:46:34'),
(3124, 156, 'normal', 22, '2026-05-04 13:54:00', '2026-05-04 15:34:00', 'scheduled', '2026-04-25 01:46:34', '2026-04-25 01:46:34'),
(3125, 168, 'normal', 23, '2026-05-04 15:34:00', '2026-05-05 11:44:00', 'scheduled', '2026-04-25 01:46:34', '2026-04-25 01:46:34'),
(3126, 160, 'normal', 24, '2026-05-05 11:44:00', '2026-05-05 14:08:00', 'scheduled', '2026-04-25 01:46:34', '2026-04-25 01:46:34'),
(3127, 158, 'normal', 25, '2026-05-05 14:08:00', '2026-05-06 13:38:00', 'scheduled', '2026-04-25 01:46:34', '2026-04-25 01:46:34'),
(3128, 167, 'normal', 26, '2026-05-06 13:38:00', '2026-05-07 09:23:00', 'scheduled', '2026-04-25 01:46:34', '2026-04-25 01:46:34'),
(3129, 157, 'normal', 27, '2026-05-07 09:23:00', '2026-05-09 10:03:00', 'scheduled', '2026-04-25 01:46:34', '2026-04-25 01:46:34'),
(3130, 170, 'normal', 28, '2026-05-09 10:03:00', '2026-05-11 15:23:00', 'scheduled', '2026-04-25 01:46:34', '2026-04-25 01:46:34'),
(3131, 161, 'normal', 29, '2026-05-11 15:23:00', '2026-05-13 12:43:00', 'scheduled', '2026-04-25 01:46:34', '2026-04-25 01:46:34'),
(3132, 164, 'normal', 30, '2026-05-13 12:43:00', '2026-05-18 14:03:00', 'scheduled', '2026-04-25 01:46:34', '2026-04-25 01:46:34');
COMMIT;

/*!40101 SET CHARACTER_SET_CLIENT=@OLD_CHARACTER_SET_CLIENT */;
/*!40101 SET CHARACTER_SET_RESULTS=@OLD_CHARACTER_SET_RESULTS */;
/*!40101 SET COLLATION_CONNECTION=@OLD_COLLATION_CONNECTION */;
